'Page Number,'Type,'Text,'Confidence Score % (Line),
"'1","'LINE","'STAFF ACCOUNTANT","'99.85382843"
"'1","'LINE","'Summary","'99.90119934"
"'1","'LINE","'Highly analytical and detail-oriented professional; possessing extensive financial statement background in quality assurance, compliance, auditing,","'97.17624664"
"'1","'LINE","'customer service and regulatory requirements. Thorough knowledge of: financial reporting, cash and accrual basis accounting, fund basis reporting,","'94.21618652"
"'1","'LINE","'GAAP and other accounting standards. Adapt quickly when new software and systems are installed. Proficient with: QuickBooks, MAS, ADP,","'99.56307983"
"'1","'LINE","'Condo Manager, Adobe, and all Microsoft applications software. Excel in problem solving and strategic planning skills.","'99.35420990"
"'1","'LINE","'Highlights","'99.69194794"
"'1","'LINE","'DBA Quick Books MAS - Sage Software Microsoft Excel ADP Drive Microsoft Access Condo Manager Microsoft Word","'99.36094666"
"'1","'LINE","'Education","'99.74581146"
"'1","'LINE","'Bachelor of Science : Accounting, May 2010 University of North Carolina 11/4 City, State Accounting","'96.78518677"
"'1","'LINE","'Bachelor of Science : Business Administration Finance, May 2010 Business Administration Finance","'97.16358185"
"'1","'LINE","'Experience","'99.50633240"
"'1","'LINE","'Staff Accountant","'98.45437622"
"'1","'LINE","'January 2014 to October 2014 Company Name 11/4 City, State","'97.89857483"
"'1","'LINE","'Performed all month end functions to produce financial statements.","'99.79051971"
"'1","'LINE","'The functions include: reconciliation of the operating and payroll bank accounts, recorded sales for the month, recorded payroll journals,","'99.71246338"
"'1","'LINE","'accrued payroll, recorded sales tax, submitted sales tax to NC department of revenue, recorded inventory adjustments, and recorded","'99.73858643"
"'1","'LINE","'balance sheet month end entries.","'99.21538544"
"'1","'LINE","'Entered all payables and receivables for the 7 franchise locations.","'99.60311890"
"'1","'LINE","'Worked with vendors to resolve any situations that arose.","'99.77830505"
"'1","'LINE","'Reviewed and maintained that all needed franchise document were on file and up to date.","'99.88663483"
"'1","'LINE","'Worked directly with controller on year-end review.","'99.45199585"
"'1","'LINE","'Assembled all requested financial and legal documentation that was put into presentable formats.","'99.69799042"
"'1","'LINE","'Maintained weekly spreadsheet on collected franchise royalties and advertising fees.","'99.69473267"
"'1","'LINE","'This spreadsheet is used for the year-end audit.","'99.73696899"
"'1","'LINE","'Managed a company that owned and rented out 12 commercial properties of a shopping center to approved businesses.","'99.38309479"
"'1","'LINE","'Responsible for: negotiating rent rates for new or renewing tenants, writing leases, collecting rent, cash flow management, payables, and","'99.73113251"
"'1","'LINE","'resolving any tenant complaints or inquires.","'99.44427490"
"'1","'LINE","'Managed a company that was a small farming entity.","'99.84696960"
"'1","'LINE","'Responsible for maintaining cash flow, all payables, and setting up credit accounts with vendors.","'99.65760803"
"'1","'LINE","'Entered all payroll journals and maintained cash flow for company that employed labor to work at farming entity.","'99.86811066"
"'1","'LINE","'Filed North Carolina Annual Report for all companies managed by Cary Keisler Inc.","'99.83612061"
"'1","'LINE","'and verified that all were current on their filings.","'99.78145599"
"'1","'LINE","'Staff Accountant","'95.88567352"
"'1","'LINE","'March 2013 to January 2014 Company Name 11/4 City, State","'97.44632721"
"'1","'LINE","'Collect daily deposits for newly entered SOs as well the balance for any SO that has completed once a job status report has been ran.","'99.40619659"
"'1","'LINE","'Interact directly with customers on outstanding deposits and balances due.","'99.73279572"
"'1","'LINE","'Responsible for all PO and non PO payable entry/coding for all companies.","'99.74358368"
"'1","'LINE","'Work directly with vendors to resolve and discrepancy with payables.","'99.88350677"
"'1","'LINE","'Pull weekly-unpaid bills reports that are used for cash flow projections.","'99.81887054"
"'1","'LINE","'Complete weekly check run for all companies.","'99.57903290"
"'1","'LINE","'Reconcile monthly purchasing American Express credit card that ranges from $60,000.00 - $100,000.00+.","'98.59794617"
"'1","'LINE","'Helped facilitate roll of purchasing manager during turnover period from September 2013 - December 2013.","'99.39605713"
"'1","'LINE","'Responsible for ordering needed materials/supplies for factory production floor.","'99.77073669"
"'1","'LINE","'Worked directly with VP of Finance and members of the production floor in collection of data to develop unit valuation.","'99.59916687"
"'1","'LINE","'This information combined with continued data collection is being used for future bills of materials and job costing.","'96.96945190"
"'1","'LINE","'Staff Accountant","'99.46984863"
"'1","'LINE","'April 2012 to March 2013 Company Name 11/4 State","'95.77338409"
"'1","'LINE","'Lead reconciliation of Balance Sheet to ensure no discrepancy with General Ledger.","'99.70941162"
"'1","'LINE","'Research and resolve any transaction deviating from ordinary operations.","'99.84957886"
"'1","'LINE","'Run Project Cost Reconciliation at month end to ensure all billable expenses are posted to a project.","'99.87148285"
"'1","'LINE","'This ensures all enries are posted to the correct project and General Ledger account.","'99.89405823"
"'1","'LINE","'This provides billing information as well as the correct bottom line for each project.","'99.92028809"
"'1","'LINE","'Design Excel Spreadsheet for prepaid employee benefits for EOM reconciliation purposes.","'99.79339600"
"'1","'LINE","'Reconcile American Express accounts for SDI and Battleware.","'99.01242828"
"'1","'LINE","'10 Accounts) Responsible for all entry and custodial book keeping of SDI's fixed assets for depreciation purposes.","'99.76324463"
"'1","'LINE","'Daily reconciliation SDI's Operating, Interest Sweep, and Line of Credit accounts for most accurate cash projections.","'98.97489929"
"'1","'LINE","'Responsible for coding and entry of all Payables items for SDI and Battleware.","'98.55268860"
"'1","'LINE","'Prepare monthly Sales and Use Tax.","'99.13201904"
"'1","'LINE","'Financial Management Partner","'99.75813293"
"'2","'LINE","'July 2010 to August 2011 Company Name 11/4 City, State","'96.90721893"
"'2","'LINE","'Identified, reported, tracked, and resolved subsidiary ledger discrepancies in all phases of the revenues and receivables accounting","'99.43822479"
"'2","'LINE","'processes.","'98.08367157"
"'2","'LINE","'Provide an end to end financial statement assurance and accurate presentation by aiding and completing tasks in all areas of operations;","'99.87805176"
"'2","'LINE","'performing all monthly bank reconciliations, applying all required financial regulations in preparing and delivery of financial statements.","'99.76565552"
"'2","'LINE","'Provided Support to clients and other employees via email on implementations, software support, and financial reporting issues in all aspects","'99.77117920"
"'2","'LINE","'of day-to-day operations.","'99.39994812"
"'2","'LINE","'Trained new accounting department employees with functionality demonstration to assist in proficient accounting support and software","'99.77697754"
"'2","'LINE","'transitioning i.e.","'99.55612183"
"'2","'LINE","'QuickBooks, Peachtree and excel transitioning.","'94.11425781"
"'2","'LINE","'Able to perform duties of all departments of accounting including accounts payable, accounts receivable, legal coordination and transactional","'99.54125977"
"'2","'LINE","'audit and review.","'99.23086548"
"'2","'LINE","'Coordinate Lien and Foreclosure preparations, research ownership status and balance histories in order to accurately file legal claims on","'99.82704926"
"'2","'LINE","'behalf of our cliental.","'96.80381775"
"'2","'LINE","'Constant analysis of all clients' interim financial reports and comparative statements to verify the validity and monitor for inconsistency.","'99.34774017"
"'2","'LINE","'Prepare variance reports and explanations to quickly summarize areas of increased variances in expenses.","'99.80747986"
"'2","'LINE","'Assist other areas of management in fund accounting budget preparations and presentation at annual and monthly board meetings.","'99.87194824"
"'2","'LINE","'Coordinate and prepare materials for audits, review, and tax returns.","'99.71408844"
"'2","'LINE","'Assist in annual budget preparations, prepare billings for all cycles, perform all adjusting month end transactions and required G/L posting","'99.74385834"
"'2","'LINE","'entries required to correct errors or balance discrepancies.","'99.69774628"
"'2","'LINE","'Interests","'99.79489136"
"'2","'LINE","'Alpha Sigma Phi: Officer and Chair positions January 2006- May 2010 Vice President Social Chair Greek Week Delegate Livestrong","'99.72740173"
"'2","'LINE","'Foundation: Bike-a-thon","'99.28880310"
"'2","'LINE","'Skills","'99.85434723"
"'2","'LINE","'accounting, accounts payable, Accounts Receivable, ADP, advertising, AR, balance sheet, balance, bank reconciliations, benefits, billing, billings,","'97.22693634"
"'2","'LINE","'book keeping budget, cash flow projections, cash flow, controller, Credit, clients, data collection, delivery, documentation, email, Finance,","'97.29144287"
"'2","'LINE","'financial, financial reporting, financial statements, fixed assets, General Ledger, inventory, job costing, ledger, legal, materials, meetings, Microsoft","'98.88489532"
"'2","'LINE","'Access, Microsoft Excel, Excel, Microsoft Word, negotiating, DBA, Payables, payroll, Peachtree, processes, coding, purchasing, Express, Quick","'96.56659698"
"'2","'LINE","'Books, QuickBooks, Research, Sage, Sales, Spreadsheet, Tax, software support, valuation, year-end","'99.00958252"
"'2","'LINE","'Additional Information","'99.88430023"
"'2","'LINE","'Activities: Alpha Sigma Phi: Officer and Chair positions January 2006- May 2010 Vice President Social Chair Greek Week Delegate","'99.64374542"
"'2","'LINE","'Livestrong Foundation: Bike-a-thon","'99.17527008"
